<?xml version="1.0" encoding="UTF-8"?>
<project-private xmlns="http://www.netbeans.org/ns/project-private/1">
    <editor-bookmarks xmlns="http://www.netbeans.org/ns/editor-bookmarks/2" lastBookmarkId="0"/>
    <open-files xmlns="http://www.netbeans.org/ns/projectui-open-files/2">
        <group>
            <file>file:/C:/Users/a916860/Downloads/Proyecto%20Diseño%20de%20Patrones/Clinica/src/com/clinica/vistas/LoginFrame.java</file>
            <file>file:/C:/Users/a916860/Downloads/Proyecto%20Diseño%20de%20Patrones/Clinica/src/com/clinica/dao/FacturacionDAO.java</file>
            <file>file:/C:/Users/a916860/Downloads/Proyecto%20Diseño%20de%20Patrones/Clinica/src/com/clinica/modelo/ItemPorPagar.java</file>
            <file>file:/C:/Users/a916860/Downloads/Proyecto%20Diseño%20de%20Patrones/Clinica/src/com/clinica/modelo/FacturaDetalle.java</file>
            <file>file:/C:/Users/a916860/Downloads/Proyecto%20Diseño%20de%20Patrones/Clinica/src/com/clinica/vistas/FacturacionFrame.java</file>
        </group>
    </open-files>
</project-private>
